timestamp,open,high,low,close,volume
2026-10-08,754.0100,757.1799,743.2300,747.5800,48528410
2026-10-07,753.7900,758.3000,751.7500,757.7300,25467867
2026-10-06,760.5150,762.8600,759.1000,759.6600,26513565
2026-10-05,749.3500,756.9200,749.0800,756.2000,25603212
2026-10-02,751.3100,754.5400,747.5300,749.5800,34498919
2026-10-01,742.5100,744.6700,736.2500,742.0300,35728920
2026-09-30,740.1900,745.1000,739.4600,739.7700,29820353
2026-09-29,740.1450,740.5799,735.3400,737.9300,27052269
2026-09-28,740.4550,741.4200,731.6300,736.5300,41775024
2026-09-25,742.8300,745.9150,739.6400,744.5000,30283770
2026-09-24,735.2890,742.6600,734.6200,741.1000,29000901
2026-09-23,746.9700,747.1300,738.1910,741.2100,33191777
2026-09-22,740.9800,748.3490,740.9300,747.4600,40128841
2026-09-21,727.8900,743.2200,727.8100,741.4700,46730629
2026-09-18,718.8300,721.7300,715.0800,721.4500,48478713
2026-09-17,715.9500,718.0401,713.3200,716.9200,37270287
2026-09-16,708.0000,711.8800,700.0000,704.7200,35687958
2026-09-15,708.8000,709.5299,703.6350,704.5400,26631661
2026-09-14,703.3250,712.9500,702.7400,709.1800,35218978
2026-09-11,715.6800,717.6300,713.6300,714.8800,26649142
2026-09-10,707.5500,712.0600,706.8550,708.6900,31414409
2026-09-09,716.4000,719.7000,714.0200,716.3100,26763377
2026-09-08,720.9090,721.8860,715.5700,718.3600,28341416
2026-09-04,719.3450,721.8600,716.5600,718.9600,32871076
2026-09-03,710.8500,718.9150,709.6900,717.6700,29449781
2026-09-02,707.1000,709.7988,705.1000,709.2400,23476207
2026-09-01,707.3900,712.3000,704.6600,707.6400,35236116
2026-08-31,715.1700,717.5800,713.1600,716.7600,32237181
2026-08-28,719.7400,724.1250,715.0850,716.4300,34105374
2026-08-27,716.9300,721.3500,714.5250,721.1100,28723451
2026-08-26,708.4100,713.0200,707.9700,711.3700,20392390
2026-08-25,711.2200,714.0400,707.4500,710.7200,23869646
2026-08-24,709.6600,709.7900,702.7000,706.3200,37443142
2026-08-21,715.2300,715.6738,709.2000,713.4400,33399407
2026-08-20,712.0900,714.9400,708.5200,710.9300,33396416
2026-08-19,720.3900,721.4999,712.6100,716.0800,35801712
2026-08-18,720.2100,722.1300,715.9200,717.5100,48997172
2026-08-17,732.9500,734.5800,729.2700,729.8700,26452580
2026-08-14,733.4100,734.3900,728.3200,731.0700,23790607
2026-08-13,725.1500,733.9600,724.0300,732.0700,31599737
2026-08-12,727.0800,727.2500,722.9200,723.7000,29065976
2026-08-11,723.2900,723.3500,715.5000,718.4500,29286144
2026-08-10,722.3900,724.6700,720.3300,720.8700,26243183
2026-08-07,720.1500,723.6300,716.5100,723.0300,31070371
2026-08-06,710.8200,719.3200,708.5000,714.6500,33035860
2026-08-05,726.2500,728.5400,716.9200,717.3000,33540176
2026-08-04,708.1600,725.6600,707.5300,723.8500,59778624
2026-08-03,688.3000,701.5900,685.8200,700.0700,44965071
2026-07-31,692.1100,695.7700,680.0512,687.9900,50540483
2026-07-30,674.7600,685.1200,673.3000,683.5500,66753681
2026-07-29,675.5050,680.0500,661.1400,661.7300,57233269
2026-07-28,676.2300,679.4000,667.8800,675.4900,51398741
2026-07-27,691.6800,692.3000,675.9450,682.1200,42681473
2026-07-24,690.4100,692.6300,682.4800,684.2300,42876658
2026-07-23,694.6700,698.6600,687.7900,691.9600,44028575
2026-07-22,703.6200,709.6500,703.6200,705.3500,23692181
2026-07-21,706.5700,710.0500,702.8000,708.9700,33728341
2026-07-20,702.1600,705.8000,695.5100,696.0600,29687558
2026-07-17,691.6500,702.3000,686.7600,695.3300,54109267
2026-07-16,712.0100,713.5990,702.6100,705.9400,39402024
2026-07-15,723.8500,724.3600,710.2300,717.7400,32627583
2026-07-14,720.2200,722.2900,714.3400,719.6900,29448117
2026-07-13,717.7200,718.7400,710.0800,711.7400,36552362
2026-07-10,720.7000,726.3900,717.0000,725.5100,26415898
2026-07-09,718.3300,724.2300,715.1250,723.2800,33654712
2026-07-08,704.9500,712.2599,700.9100,711.4400,35603179
2026-07-07,714.1700,716.3500,704.9000,709.4300,42483079
2026-07-06,719.9300,726.0800,718.4500,722.8200,30220428
2026-07-02,725.5800,730.8300,707.5600,712.6000,51086080
2026-07-01,729.1900,731.9200,724.6000,725.1700,40803791
2026-06-30,724.1800,737.6200,723.9100,736.4000,42121829
2026-06-29,713.9900,724.5800,705.1720,724.0800,44939090
2026-06-26,707.1300,715.5550,702.8100,706.5200,47081821
2026-06-25,725.9000,726.8300,705.3000,716.3800,50144089
2026-06-24,715.3700,719.9300,704.4500,710.6200,52480437
2026-06-23,715.7400,723.6100,712.1101,713.6500,53354151
2026-06-22,742.0200,745.4500,734.3900,737.9500,43518595
2026-06-18,737.2000,741.8200,732.5100,740.6200,50154595
2026-06-17,735.1900,735.6800,720.8500,722.5100,51669322
2026-06-16,742.2500,744.2200,729.6400,729.8600,45348675
2026-06-15,738.1000,744.7599,737.3800,744.0000,46710216
2026-06-12,717.6100,724.0100,711.2800,721.3400,51236021
2026-06-11,699.2900,718.3721,695.0000,717.1200,71798857
2026-06-10,701.6600,711.2800,692.9300,693.6900,65334283
2026-06-09,722.9800,725.6600,686.3700,707.8300,91932171
2026-06-08,717.8100,723.0300,713.0700,716.0700,47401451
2026-06-05,730.0600,731.6900,704.3200,705.0600,99606571
2026-06-04,735.4800,743.4988,732.6200,740.6100,40782580
2026-06-03,747.3100,748.6500,741.0100,744.2100,40270198
2026-06-02,742.4000,746.4400,739.2300,746.1600,30085237
2026-06-01,737.0400,745.6500,735.9900,742.7400,33890559
2026-05-29,737.8400,741.6300,735.2500,738.3100,37541668
2026-05-28,729.7300,736.6000,726.4100,735.6000,32839952
2026-05-27,732.9600,733.3200,725.4400,729.4500,35148674
2026-05-26,725.9600,731.1700,724.1600,730.2800,34254692
2026-05-22,718.0700,722.1200,715.9500,717.5400,33118575
2026-05-21,708.9900,717.1200,706.7700,714.5100,36415360
2026-05-20,705.2900,713.1500,703.7900,713.1500,35403154
2026-05-19,699.8100,706.4900,695.2500,701.5300,46827529
2026-05-18,711.5400,712.0700,698.8500,705.8800,49834549
2026-05-15,710.1400,715.1300,705.5500,708.9300,51792656
2026-05-14,714.6200,722.0300,714.2200,719.7900,33327545
2026-05-13,709.9600,716.6500,704.8300,714.7100,40012526
2026-05-12,708.2200,710.1800,696.6400,707.2400,45873009
2026-05-11,710.3600,714.5900,708.9100,713.2900,36019146
2026-05-08,699.9200,711.2300,699.5000,711.2300,44320421
2026-05-07,696.5800,701.2400,691.7700,694.9400,43779087
2026-05-06,687.7800,695.9300,686.4800,695.7700,38778492
2026-05-05,677.9600,682.7734,677.5100,681.6100,37101063
